,"W=Fail,I=Fail","W=Fail,I=Pass","W=Pass,I=Fail","W=Pass,I=Pass"
J=No,0.9921065862242333,0.5960233327724493,0.7884043071262378,0.09970383533244484
J=Yes,0.007893413775766717,0.4039766672275506,0.21159569287376223,0.9002961646675551
